{"cameraMode":{"drawMode":0,"name":"Shaded","section":"Shading Mode"},"sceneLighting":true,"audioPlay":false,"sceneViewState":{"m_AlwaysRefresh":false,"showFog":true,"showSkybox":true,"showFlares":true,"showImageEffects":true,"showParticleSystems":true,"showVisualEffectGraphs":true,"m_FxEnabled":true},"in2DMode":false,"pivot":{"x":-3.6432089805603029,"y":41.92976760864258,"z":-114.84016418457031},"rotation":{"x":0.008810216560959816,"y":0.990779459476471,"z":0.10952743142843247,"w":-0.07950159907341004},"size":53.61283493041992,"orthographic":false}